{
  "name": "Cliff Grinder",
  "description": "Upgraded cliff crusher with a way bigger yield than the little one.",
  "type": "WallCrafter",
  "squareSprite": false,
  "requirements": [
          { "item": "beryllium", "amount": 160 },
          { "item": "silicon", "amount": 120 },
          { "item": "tungsten", "amount": 120 },
          { "item": "oxide", "amount": 95 }
      ],
  "hasLiquids": true,
  "liquidCapacity": 30,
  "consumes": {
    "power": 1,
    "liquids": [
    "water/0.033333333333333"
    ]
  },
  "output": "sand",
  "attribute": "sand",
  "size": 3,
  "tier": 4,
  "drillTime": 50,
  "category": "production",
  "research": "silicon-kiln",
  "boosters": {
    "liquid": [
      "ozone/0.333333333333333"
    ],
    "optional": true,
    "booster": true,
    "liquidBoostIntensity": 1.5
  }
}
