{
    "name": "Sand quarry",
    "description": "uses an abrasive drill bit and water to get sand from any surface. However you will need to process the resulting slurry into usable sand.",
    "size": 4,
    "health": 895,
    "type": "genericCrafter",
    "category": "production",
    "research": "cliff-grinder",
    "squareSprite": false,
    "requirements": [
          { "item": "beryllium", "amount": 150 },
          { "item": "silicon", "amount": 135 },
          { "item": "graphite", "amount": 120 }
      ],
      "consumes": {
        "liquids": [
            {"liquid": "water", "amount": 0.066666666666666}
        ],
        "power": 2
    },
    "outputLiquids": [
          {"liquid": "quicksand", "amount": 0.1}
      ]
}