{
    "name": "Ablaze",
    "description": "A low level siege turret, rains flames upon enemies.",
    "type": "LiquidTurret",
    "research": "not-plastanium",
    "category": "turret",
    "health": 1550,
    "size": 3,
    "rotateSpeed": 1.5,
    "liquidCapacity": 30,
    "range": 100,
    "targetAir": false,
    "reload": 1.5,
    "shootY": 20,
    "ammoTypes": {
    "enriched-ark": {
      "type": "BasicBulletType",
      "damage": 35.5,
     "collides": true,
      "collideTerrain": true,
      "pierce": true,
      "pierceCap": 2,
      "knockback": 4,
      "trailEffect": "fire",
      "trailChance": 0.5,
      "shootEffect": "shootPyraFlame",
      "fireTrailChance": 0.5,
      "speed": 1.5,
      "lifetime": 60,
      "hitEffect": "fire",
      "despawnEffect": "fire",
      "smokeEffect": "fire",
      "shootSound": "shootSmall",
      "status": "melting",
      "width": 8,
      "height": 24

    },
    "prometheum": {
      "type": "BasicBulletType",
      "damage": 95.5,
     "collides": true,
      "collideTerrain": true,
      "pierce": true,
      "pierceCap": 4,
      "knockback": 4,
      "trailEffect": "ballfire",
      "trailChance": 0.5,
      "shootEffect": "shootPyraFlame",
      "fireTrailChance": 0.5,
      "speed": 1.5,
      "inaccuracy": 1,
      "lifetime": 100,
      "rangeChange": 125,
      "hitEffect": "shootPyraFlame",
      "despawnEffect": "shootPyraFlame",
      "smokeEffect": "blastsmoke",
      "shootSound": "shootSmall",
      "status": "melting",
      "width": 12,
      "height": 40

    }
  },
    "requirements": [
        { "item": "silicon-glass", "amount":150 },
        { "item": "silicon", "amount": 250 },
        { "item": "graphite", "amount": 200 },
        { "item": "tungsten", "amount": 110 }
    ]
}