{
  "name": "Lanza",
  "description": "An energy-based beam turret that shoots in bursts. Requires power and items to fire.",
  "type": "itemTurret",
  "category": "turret",
  "health": 1750,
  "research": "core-bastion",
  "size": 3,
"coolant":{
  "type": "ConsumeLiquid",
  "liquid": "water",
  "amount": 0.1,
  "liquidCapatacity": 5,
  "liquidBoostIntensity": 1,
  "maxAmmo": 12,
  "ammoPerShot": 3,
  "optional": true,
  "booster": true
},
"shootSound": "Lanza",

    "requirements": [
        { "item": "beryllium", "amount":250 },
        { "item": "tungsten", "amount": 200 },
        { "item": "silicon", "amount": 150 },
        { "item": "oxide", "amount": 100 },
        { "item": "silicon-glass", "amount": 100 }
      
],
  "consumes": {
    "power": 2
  },
  "shootCone": 25,
  "targetAir": true,
  "targetGround": true,
  "recoil": 1.5,
  "recoils": 3,
  "rotateSpeed": 1.5,
  "reload": 60,
  "shoot": {
    "firstShotDelay": 60,
    "type": "ShootMulti",
    "source": "ShootAlternate",
    "dest": [
      {
        "type": "ShootBarrel",
        "shots": 3,
        "shotDelay": 14,
        "barrels": [
          0, -3, 0,
          7, -3.5, 0,
          -7, -3.5, 0
        ]
      }
    ]
  },
  "ammoTypes": {
    "beryllium": {
      "type": "LaserBulletType",
      "damage": 69.5,
      "reload": 45,
      "length": 110,
      "range": 110,
      "width": 16,
      "colors": ["#08A045", "#073B3A", "#21D375"],
      "pierce": true,
      "pierceCap": 2
    },
    "oxide": {
      "type": "LaserBulletType",
      "damage": 77.5,
      "rangeChange": 110,
      "reload": 33,
      "length": 170,
      "width": 17,
      "colors": ["#90CF8E", "#A7DCA6", "#C6EDC3"],
      "pierce": true,
      "pierceCap": 3
    },
    "thorium": {
      "type": "LaserBulletType",
      "damage": 95.5,
      "rangeChange": 140,
      "reload": 20,
      "length": 195,
      "width": 20,
      "colors": ["FF8FAB", "FFB3C6", "FFC2D1"],
      "pierce": true,
      "pierceCap": 4
    }
  }
}