{
    "name": "Maelstrom",
    "description": "A clunky autocannon that shoots powerful bursts. Overheats after every burst, taking a long time to cool off.",
    "size": 4,
    "type": "itemTurret",
    "health": 3390,
    "category": "turret",
    "rotateSpeed": 1,
    "research": "Lanza",
    "shootCone": 35,
    "inaccuracy": 5,
    "recoil": 7,
    "shake": 3,
    "range": 200,
    "ammoPerShot": 4,
    "recoilTime": 100,
    "coolDownTime": 100,
    "maxAmmo": 16,
    "reload": 1,
    "shoot": {
        "firstShotDelay": 60,
        "type": "shootAlternate",
        "shots": 100,
        "shotDelay": 4
    },
    "requirements": [
        { "item": "beryllium", "amount": 300 },
        { "item": "silicon", "amount": 200 },
        { "item": "graphite", "amount": 280 },
        { "item": "tungsten", "amount": 180 }
    ],
    "ammoTypes": {
        "tungsten": {
          "type": "BasicBulletType",
          "damage": 33.3,
          "knockback": 3.5,
          "pierce": true,
          "pierceCap": 3,
          "ammoMultiplier": 1,
          "lifetime": 30,
          "speed": 6,
          "inaccuracy": 5,
          "height": 9,
          "width": 8,
          "reload": 250
        },
      "silicon-glass": {
        "type": "BasicBulletType",
        "damage": 21.4,
        "knockback": 5.5,
        "pierce": true,
        "pierceCap": 4,
        "ammoMultiplier": 2,
        "lifetime": 30,
        "speed": 8,
        "inaccuracy": 1.5,
        "height": 12,
        "width": 6,
        "reload": 250
      },
      "not-plastanium": {
        "type": "BasicBulletType",
        "damage": 27.2,
        "knockback": 1.5,
        "ammoMultiplier": 1,
        "lifetime": 30,
        "speed": 8,
        "inaccuracy": 1.5,
        "height": 10,
        "width": 8,
        "reload": 250,
        "fragOnHit": true,
        "fragOnAbsorb": true,
        "fragSpread": 360,
        "splashDamageRadius": 8,
        "splashDamage": 20
      }
    },
    "coolant": {
  "type": "ConsumeLiquid",
  "liquid": "water",
  "amount": 0.3333333333333333333333,
  "liquidCapatacity": 5,
  "liquidBoostIntensity": 1,
  "optional": true,
  "booster": true
      
},
"drawer": {
  "type": "DrawTurret",
  "parts": [
  {
  "type": "RegionPart",
  "suffix": "-side",
  "under": true,
  "mirror": true,
  "heatProgress": "recoil",
  "progress": "warmup",
  "moveRot": 0,
  "moves": [
  {
  "type": "PartMove",
  "rot": -10
  }
  ],
  "children": [
        {
       "type": "RegionPart",
        "color": "ff000000",
        "suffix": "side-glow",
        "colorTo": "ff000066",
        "progress": "warmup",
        "outline": "false",
        "blending": "additive"
        }
        ]
  },
  {
  "type": "RegionPart",
  "suffix": "-middle",
  "progress": "recoil",
  "moveY": -3,
  "heatProgress": "recoil"
  }
  ]
  }
}