{
"type": "HeaterGenerator",
"name": "Photovoltaic panel",
"description": "Grants additional power and miniscule amounts of heat.",
"size": 3,
"category": "power",
"research": {
  "parent": "vent-turbine",
  "objectives": [
    {
      "type": "SectorComplete",
      "preset": "onset"
    }
  ]
},
"powerProduction": 0.50,
"generateEffect": "none",
"heatOutput": 2,
"drawer": {
  "type": "DrawMulti",
  "drawers": [
    {
      "type": "DrawDefault"
    },
    {
      "type": "DrawHeatOutput",
      "heatColor": "641616A6"
    }
  ]
},
"requirements": [
          { "item": "beryllium", "amount": 70 },
          { "item": "silicon", "amount": 50 },
          { "item": "silicon-glass", "amount": 25 }
      ]
}