{
    "name": "Amur",
    "description": "Fast and agile with thin armour.",
    "armor": 3,
    "health": 650,
    "speed": 1.5,
    "template": "ErekirUnitType",
    "canDrown": false,
    "naval": true,
    "hitSize": 15,
    "research": "tank-fabricator",
    "type":"naval",
    "range": 11,
    "fogRadius": 40,
    "immunities": [
        "melting"
      ],
    "weapons": [
        {
            "name": "Amur-cannon",
            "reload": 120,
            "targetAir": false,
            "recoil": 3,
            "x": 0,
            "y": -2,
            "rotateSpeed": 5,
            "rotate": true,
            "mirror": false,
            "bullet": {
                "type": "ArtilleryBulletType",
                "splashDamage": 20,
                "damage": 20,
                "laserAbsorb": false,
                "width": 10,
                "height": 10,
                "speed": 3,
                "lifetime": 90,
                "splashDamageRadius": 20

            }
        }
    ]
}