{
    "name": "Charon",
    "description": "A breacher class unit.",
    "type": "mech",
    "health": "1200",
    "template": "ErekirUnitType",
    "hitSize": 20,
    "armor": 3,
    "speed": 1,
"rotateSpeed": 1,
"rotateMoveFirst": true,
"accel": 0.3,
"mechLegColor": "44413c",
"flipSprite": true,
"fogRadius": 30,
"faceTargets": true,
"mechStepParticles": true,
"weapons": [
    {
        "name": "charon-lance",
        "x": 0,
        "y": 6,
        "shootX": 0,
        "reload": 120,
        "mirror": false,
        "rotate": false,
        "recoil": -12,
        "layerOffset": -1,
        "bullet": {
                "type": "RailBulletType",
                "damage": 120,
                "pierce": true,
    "pierceCap": 3,
    "pierceBuilding": true,
    "range": 35,
    "length": 50,
    "hittable": false,
    "absorbable": false
    }
    }
    ]
}
