{
    "name": "Ember",
    "description": "The embers of a great inferno.",
    "health": 500,
    "armor": 2,
    "type": "payload",
    "flying": true,
    "hitSize": 9,
    "controller": "BuilderAI",
    "mineWalls": true,
    "mineFloor": true,
    "buildSpeed": 1,
    "itemCapacity": 60,
    "speed": 4,
    "accel": 1,
    "drag": 0.15,
    "mineSpeed": 3,
    "mineTier": 1,
    "roateSpeed": 8,
    "crashDamageMultiplier": 2,
    "hittable": true,
    "targetable": true,
    "fogRadius": 0,
    "coreUnitDock": true,
    "outlineColor": "2d2f39",
    "payLoadCapacity": 60,
    "pickupUnits": true,
    "vulnerableWithPayloads": true,
    
    "weapons": [
        {
            "type": "RepairBeamWeapon",
            "widthSinMag": 0.22,
            "x": 0,
            "y": 3,
            "mirror": false,
            "shootY": 0,
            "beamWidth": 0.5,
            "repairSpeed": 3.5,
            "fractionRepairSpeed": 1,
            "ShootCone": 45,
            "targetUnits": false,
            "targetBuildings": true,
            "autoTarget": true,
            "controllable": false,
            "laserColor": "#fef65b",
            "healColor": "#00e500",
            "bullet": {
                "maxRange": 45
            }
        },
        {
            "x": 0,
            "y": 4,
            "collideTerrain": true,
            "collides": true,
            "shootSound": "shootSmallFlame",
            "bullet": {
                "type": "FireBulletType",
                "Radius": 8,
                "collides": true,
                "fireTrailChance": 0,
                "damage": 20,
                "velMax": 3,
                "length": 90,
                "collideTerrain": true
            
        }
        }
    ],
    "engines": [
        {
            "x": 0,
            "y": -10,
            "radius": 3,
            "rotation": 3
        }
    ]
}