{
    "name": "Ranseur",
    "description": "A heavy assault unit. Has a very bad radar, but it makes up with fire power.",
    "type": "mech",
    "health": "866",
    "template": "ErekirUnitType",
    "hitSize": 20,
    "armor": 8,
    "speed": 0.5,
"rotateSpeed": 1,
"rotateMoveFirst": true,
"accel": 0.3,
"mechLegColor": "44413c",
"flipSprite": true,
"fogRadius": 10,
"faceTargets": true,
"range": 10,
"research": "tank-fabricator",
"mechStepParticles": true,
"weapons": [
    {
        "name": "flamberge-gun3",
        "shootX": -5.5,
        "shootY": 8,
        "reload": 13,
        "accuracy": 3,
        "x": -2,
        "mirror": true,
        "rotate": false,
        "recoil": 3,
        "shots": 2,
        "layerOffset": -1,
        "bullet": {
                "type": "BasicBulletType",
                "damage": 22.2,
    "range": 15,
    "width": 8,
    "height":20,
    "speed": 5
    }
    }
    ]
}
