{
    "name": "Flamberge",
    "description": "A larger siege mech with dual flamethrowers, will explode violently upon death and damage allies.",
    "type": "mech",
    "health": "850",
    "template": "ErekirUnitType",
    "hitSize": 20,
    "armor": 12,
    "speed": 0.5,
"rotateSpeed": 1,
"rotateMoveFirst": true,
"accel": 0.3,
"mechLegColor": "44413c",
"flipSprite": true,
"fogRadius": 20,
"faceTargets": true,
"deathExplosionEffect": "shootTitan",
"range": 15,
"research": "empyrean-fabricator",
"mechStepParticles": true,
"weapons": [
    {
        "name": "ranseur-gun",
        "shootX": -5.5,
        "shootY": 8,
        "reload": 1.5,
        "accuracy": 3,
        "range": 30,
        "x": -5,
        "mirror": true,
        "rotate": true,
        "rotationLimit": 50,
        "layerOffset": -1,
        "bullet": {
            "type": "BasicBulletType",
            "damage": 32,
           "collides": true,
            "collideTerrain": true,
            "pierce": true,
            "pierceCap": 4,
            "knockback": 4,
            "trailEffect": "ballfire",
            "trailChance": 0.5,
            "shootEffect": "shootPyraFlame",
            "fireTrailChance": 0.5,
            "speed": 1.5,
            "inaccuracy": 1,
            "lifetime": 40,
            "rangeChange": 125,
            "hitEffect": "shootPyraFlame",
            "despawnEffect": "shootPyraFlame",
            "smokeEffect": "blastsmoke",
            "shootSound": "shootSmall",
            "status": "melting",
            "width": 5,
            "height": 20
    }
    },
    {
        "name": "suicide-trigger",
        "controllable": false,
        "aiControllable": false,
        "shootOnDeath": true,
        "display": true,
        "collidesTeam": true,
        "shootEffect": "titanExplosion",
        "shootCone": 180,
        "bullet": {
        "type": "ExplosionBulletType",
        "splashDamageRadius": 75,
        "splashDamage": 500,
        "ignoreArmor": true,
        "collidesTeam": true,
        "shootSound": "reactorExplosion",
        "spawnBullets": [
            {
                "type": "BulletType",
                "spawnUnit": "hi-there-file-snooper"
            }
        ]
        }
    }
    ]
}
