{
    "name": "Arkycite Enrichment Facility",
    "description": "Uses the purified arkycite to synthesize a stronger fuel.",
    "size": 3,
    "health": 808,
    "type": "heatCrafter",
    "category": "crafting",
    "research": "purified-ark",
    "squareSprite": false,
    "heatRequirement": 8,
    "craftTime": 300,
    "requirements": [
          { "item": "silicon", "amount": 100 },
          { "item": "tungsten", "amount": 110 },
          { "item": "oxide", "amount": 30 }
      ],
      "consumes": {
        "liquids": [
            {"liquid": "purified-ark", "amount": 0.066666666666666666666666666},
            {"liquid": "hydrogen", "amount": 0.033333333333333333333}
        ],
        "power": 4
    },
    "outputLiquid": "enriched-ark/0.066666666666666666666666666"

}