{
    "name": "Arkycite Filtration Unit",
    "description": "Removes contaminants from arkycite and purifies it.",
    "size": 2,
    "health": 640,
    "type": "genericCrafter",
    "category": "crafting",
    "research": "arkycite",
    "squareSprite": false,
    "craftTime": 300,
    "requirements": [
          { "item": "silicon", "amount": 100 },
          { "item": "tungsten", "amount": 110 },
          { "item": "oxide", "amount": 30 }
      ],
      "consumes": {
        "liquids": [
            {"liquid": "arkycite", "amount": 0.033333333333333333333}
        ],
        "items": [
             {"item": "sand", "amount": 1}
    ],
        "power": 0.3
    },
    "outputLiquid": "purified-ark/0.033333333333333333333",
    "drawer": {
        "type": "DrawMulti",
          "drawers": [
            {
              "type": "DrawRegion",
              "suffix": "-liquid"
            },
            {
              "type": "DrawLiquidTile",
              "drawLiquid": "purified-ark",
              "padding": 2,
              "alpha": 0.8
            },
            {"type": "DrawRegion",
            "suffix": "-top"}
        ]
}
}