{
    "name": "Evaporation Chamber",
    "description": "processes quicksand into usable sand and gives back a small amount of water. Once enough water builds up, the building ceases to function.",
    "size": 4,
    "health": 860,
    "type": "heatCrafter",
    "category": "crafting",
    "research": "quicksand",
    "squareSprite": false,
    "heatRequirement": 6,
    "craftTime": 90,
    "requirements": [
          { "item": "beryllium", "amount": 200 },
          { "item": "silicon", "amount": 150 },
          { "item": "tungsten", "amount": 100 },
          { "item": "oxide", "amount": 50 }
      ],
      "consumes": {
        "liquids": [
            {"liquid": "quicksand", "amount": 0.2}
        ],
        "power": 2,
    "outputItem": "sand/6"

}
}