{
    "name": "Silica kiln",
    "description": "Creates moderate amounts of heat resistant hard silica glass.",
    "health": 500,
    "size": 3,
    "research": "silicon",
    "type": "GenericCrafter",
    "category": "crafting",
    "heatRequirement": 4,
    "maxEfficiency": 2,
      "craftTime": 200,
      "craftEffectChance": 100,
      "itemCapacity": 30,
      "outputItems": [
          {"item": "silicon-glass", "amount": 4}
      ],
      "requirements": [
          { "item": "beryllium", "amount": 120 },
          { "item": "silicon", "amount": 180 }
      ],
      "consumes": {
        "items": [
            {"item": "silicon", "amount": 4},
            {"item": "sand", "amount": 8}
        ],
        "power": 1.5
    },
    "drawer": {
        "type": "DrawMulti",
        "drawers": [
          {
            "type": "DrawDefault",
            "suffix": "-top"
          },
          {
            "type": "DrawFlame"
          }
        ]
}
}