{
    "name": "Synthesizer",
    "description": "processes purified arkycite with tungsten to produce a synthetic material.",
    "size": 3,
    "health": 890,
    "type": "genericCrafter",
    "category": "crafting",
    "research": "purified-ark",
    "squareSprite": false,
    "heatRequirement": 6,
    "craftTime": 120,
    "requirements": [
          { "item": "silicon", "amount": 300 },
          { "item": "tungsten", "amount": 220 },
          { "item": "oxide", "amount": 60 }
      ],
      "consumes": {
        "liquids": [
            {"liquid": "purified-ark", "amount": 0.099999999999999}
        ],
        "items": [
            {"item": "tungsten", "amount": 1}
        ],
        "power": 2
    },
    "outputItem": "not-plastanium/3",
    "drawer": {
        "type": "DrawMulti",
        "drawers": [
          {
            "type": "DrawDefault",
            "suffix": "-top"
          },
          {
            "type": "DrawFlame"
          },
          {
            "type": "DrawRegion",
            "suffix": "-arc",
            "layer": 1
          }
        ]
}

}