{
  "name": "Empyrean Fabricator",
  "description": "Constructs royal siege units.",
  "type": "UnitFactory",
  "regionSuffix": "-dark",
  "size": 3,
  "configurable": true,
  "category": "units",
  "health": 900,
  "consumes": {
    "power": 2
  },
  "plans": [
    {
      "unit": "flamberge",
      "requirements": [
        "beryllium/100",
        "silicon/90"
      ],
      "time": 1800
    }
  ],
  "research": {
    "parent": "core-bastion",
    "objectives": [
      "silicon"
    ]
  },
  "requirements": [
    "silicon/200",
    "graphite/125",
    "beryllium/100"
  ]
}
