{
  "name": "Naval Fabricator",
  "description": "Constructs heat resistant naval units.",
  "type": "UnitFactory",
  "regionSuffix": "-dark",
  "size": 3,
  "configurable": true,
  "category": "units",
  "consumes": {
    "power": 2
  },
  "plans": [
    {
      "unit": "Amur",
      "requirements": [
        "silicon-glass/60",
        "silicon/70"
      ],
      "time": 1500
    }
  ],
  "research": {
    "parent": "core-spark",
    "objectives": [
      "silicon-glass"
    ]
  },
  "requirements": [
    "graphite/200",
    "silicon-glass/185",
    "silicon/160"
  ]
}
